{"cameraMode":{"drawMode":0,"name":"Shaded","section":"Shading Mode"},"sceneLighting":true,"audioPlay":false,"sceneViewState":{"showFog":true,"showMaterialUpdate":false,"showSkybox":true,"showFlares":true,"showImageEffects":true,"showParticleSystems":true},"in2DMode":false,"pivot":{"x":148.88552856445313,"y":1.7932062149047852,"z":-80.8280029296875},"rotation":{"x":-0.13441814482212068,"y":0.7753379940986633,"z":-0.1762327402830124,"w":-0.5913777947425842},"size":9.488018035888672,"orthographic":false}